{"stat.walkOneCm":50292,"stat.pickup.minecraft.stick":139,"stat.leaveGame":2,"stat.drop.minecraft.rotten_flesh":1,"stat.mineBlock.minecraft.vine":5,"stat.pickup.minecraft.crafting_table":1,"stat.craftItem.minecraft.crafting_table":1,"stat.mineBlock.minecraft.deadbush":146,"stat.pickup.minecraft.log":26,"stat.useItem.minecraft.rotten_flesh":3,"stat.useItem.minecraft.melon":10,"stat.jump":549,"stat.swimOneCm":6638,"stat.fallOneCm":14966,"stat.climbOneCm":2130,"stat.useItem.minecraft.planks":64,"stat.pickup.minecraft.gunpowder":2,"stat.crouchOneCm":534,"stat.pickup.minecraft.ender_pearl":1,"stat.killEntity.Squid":2,"stat.pickup.minecraft.dirt":3,"stat.sprintOneCm":68683,"stat.pickup.minecraft.melon":31,"stat.craftItem.minecraft.stick":8,"stat.craftItem.minecraft.wooden_axe":1,"stat.craftingTableInteraction":2,"stat.pickup.minecraft.rotten_flesh":4,"stat.pickup.minecraft.sand":16,"stat.mineBlock.minecraft.cactus":2,"stat.craftItem.minecraft.planks":104,"stat.damageTaken":210,"stat.mineBlock.minecraft.crafting_table":1,"stat.killEntity.Husk":1,"stat.drop.minecraft.ender_pearl":1,"stat.useItem.minecraft.wooden_pickaxe":35,"stat.killEntity.Enderman":1,"stat.useItem.minecraft.wooden_shovel":13,"stat.mobKills":7,"stat.pickup.minecraft.cobblestone":12,"stat.mineBlock.minecraft.log":27,"stat.pickup.minecraft.dye":10,"stat.flyOneCm":91624,"stat.drop":2,"stat.mineBlock.minecraft.sand":17,"stat.playOneMinute":21185,"stat.killEntity.Witch":1,"stat.craftItem.minecraft.wooden_shovel":1,"stat.sneakTime":299,"stat.damageDealt":1133,"stat.killEntity.Zombie":2,"stat.timeSinceDeath":21185,"stat.useItem.minecraft.wooden_axe":186,"stat.useItem.minecraft.crafting_table":2,"stat.mineBlock.minecraft.dirt":3,"stat.craftItem.minecraft.wooden_pickaxe":1,"stat.mineBlock.minecraft.stone":12,"stat.mineBlock.minecraft.tallgrass":26}