{"stats":{"minecraft:picked_up":{"minecraft:wooden_axe":1,"minecraft:coarse_dirt":6,"travelersbackpack:iron_golem":1,"minecraft:lilac":2,"minecraft:flower_pot":3,"minecraft:fern":1,"minecraft:smithing_table":1,"minecraft:wooden_pickaxe":1,"minecraft:acacia_wood":2,"minecraft:brown_bed":2,"minecraft:gunpowder":6,"minecraft:dirt":1,"minecraft:lantern":2,"minecraft:bone":32,"minecraft:cracked_stone_bricks":1,"minecraft:wheat_seeds":2,"minecraft:spruce_planks":8,"minecraft:mossy_cobblestone_wall":1,"minecraft:iron_ingot":22,"minecraft:rose_bush":5,"jojo:tommy_gun":1,"minecraft:cyan_wool":3,"minecraft:poppy":1,"minecraft:glass_bottle":1,"minecraft:glowstone_dust":1,"minecraft:spruce_trapdoor":3,"minecraft:furnace":2,"minecraft:book":96,"minecraft:beehive":9,"minecraft:stick":2,"minecraft:spruce_stairs":4,"minecraft:porkchop":1,"minecraft:light_blue_bed":2,"minecraft:mossy_cobblestone":3,"minecraft:dark_oak_planks":4,"minecraft:polished_andesite":2,"minecraft:arrow":29,"minecraft:rotten_flesh":3,"minecraft:stone_axe":1,"minecraft:iron_helmet":1,"minecraft:granite":2,"minecraft:gray_wool":3,"minecraft:end_rod":1,"minecraft:bread":73,"minecraft:terracotta":21,"minecraft:oak_sapling":1,"minecraft:damaged_anvil":1,"minecraft:mutton":1,"minecraft:bricks":3,"minecraft:white_wool":5,"minecraft:cobblestone":26,"minecraft:sunflower":1},"minecraft:killed_by":{"minecraft:skeleton":8,"minecraft:creeper":1},"minecraft:mined":{"minecraft:damaged_anvil":1,"minecraft:potted_fern":1,"minecraft:cyan_wool":2,"minecraft:gray_wool":3,"minecraft:light_blue_bed":2,"minecraft:furnace":1,"minecraft:brown_bed":2,"minecraft:grass":3,"minecraft:lantern":2,"minecraft:end_rod":1,"minecraft:sunflower":1},"minecraft:custom":{"minecraft:interact_with_smithing_table":1,"minecraft:interact_with_furnace":1,"minecraft:mob_kills":4,"minecraft:interact_with_crafting_table":1,"minecraft:open_barrel":5,"minecraft:play_one_minute":64617,"minecraft:leave_game":5,"minecraft:time_since_death":4050,"minecraft:climb_one_cm":18174,"minecraft:time_since_rest":4101,"minecraft:sprint_one_cm":123055,"minecraft:damage_absorbed":581,"minecraft:damage_taken":2909,"minecraft:walk_one_cm":159486,"minecraft:drop":24,"minecraft:damage_dealt":229,"minecraft:fly_one_cm":118148,"minecraft:player_kills":1,"minecraft:open_chest":13,"minecraft:crouch_one_cm":10142,"minecraft:deaths":9,"minecraft:sneak_time":4350,"minecraft:walk_under_water_one_cm":214,"minecraft:jump":586,"minecraft:walk_on_water_one_cm":1002,"minecraft:fall_one_cm":28213},"minecraft:dropped":{"minecraft:bread":2,"jojo:tommy_gun":1,"minecraft:lilac":1,"minecraft:coarse_dirt":6,"minecraft:mossy_cobblestone":3,"minecraft:glass_bottle":1,"minecraft:smithing_table":1,"minecraft:iron_helmet":1,"minecraft:beehive":8,"minecraft:spruce_planks":2,"minecraft:brown_bed":1,"minecraft:sunflower":1,"minecraft:arrow":1,"minecraft:iron_pickaxe":1,"minecraft:bone":1},"minecraft:crafted":{"minecraft:iron_boots":1,"minecraft:iron_chestplate":1,"minecraft:iron_leggings":1},"minecraft:used":{"minecraft:wooden_pickaxe":9,"travelersbackpack:iron_golem":1,"minecraft:rotten_flesh":1,"travelersbackpack:bat":5,"minecraft:cracked_stone_bricks":1,"minecraft:flower_pot":2,"minecraft:bread":12,"minecraft:iron_pickaxe":4,"minecraft:light_blue_bed":1,"carryon:tile_item":5,"minecraft:furnace":1,"minecraft:porkchop":1,"minecraft:smithing_table":1},"minecraft:killed":{"minecraft:sheep":1}},"DataVersion":2586}