{"stats":{"minecraft:crafted":{"minecraft:iron_boots":1,"minecraft:iron_chestplate":1,"minecraft:iron_leggings":1},"minecraft:killed_by":{"minecraft:wither_skeleton":2,"minecraft:skeleton":10,"minecraft:creeper":1,"minecraft:phantom":1},"minecraft:used":{"minecraft:end_rod":1,"minecraft:flint_and_steel":3,"minecraft:wooden_pickaxe":9,"travelersbackpack:iron_golem":1,"minecraft:rotten_flesh":1,"minecraft:cracked_stone_bricks":1,"travelersbackpack:bat":12,"minecraft:golden_apple":1,"minecraft:flower_pot":2,"minecraft:bread":20,"minecraft:iron_pickaxe":4,"minecraft:light_blue_bed":1,"minecraft:stone_axe":1,"carryon:tile_item":7,"minecraft:smithing_table":1,"minecraft:furnace":1,"minecraft:porkchop":1,"minecraft:egg":2},"minecraft:picked_up":{"minecraft:wooden_axe":1,"minecraft:coarse_dirt":6,"travelersbackpack:iron_golem":1,"minecraft:lilac":3,"travelersbackpack:bat":3,"minecraft:chainmail_boots":1,"minecraft:flower_pot":3,"minecraft:smithing_table":1,"minecraft:fern":1,"minecraft:wooden_pickaxe":1,"minecraft:acacia_wood":2,"minecraft:brown_bed":2,"minecraft:enchanted_book":1,"minecraft:stone_brick_stairs":3,"minecraft:chainmail_chestplate":1,"minecraft:cobblestone_wall":1,"minecraft:gunpowder":6,"minecraft:string":11,"minecraft:dirt":2,"minecraft:lantern":2,"minecraft:bone":57,"minecraft:cyan_carpet":3,"minecraft:stone_bricks":2,"minecraft:cracked_stone_bricks":1,"minecraft:wheat_seeds":2,"minecraft:spruce_planks":19,"minecraft:birch_wood":2,"minecraft:mossy_cobblestone_wall":1,"minecraft:iron_ingot":22,"minecraft:rose_bush":7,"jojo:tommy_gun":1,"minecraft:cyan_wool":3,"minecraft:poppy":1,"minecraft:smooth_quartz":14,"minecraft:glass_bottle":1,"minecraft:glowstone_dust":1,"minecraft:oak_planks":4,"minecraft:spruce_trapdoor":10,"minecraft:furnace":2,"minecraft:egg":2,"minecraft:book":97,"minecraft:stick":4,"minecraft:beehive":9,"minecraft:jukebox":1,"minecraft:chiseled_stone_bricks":3,"minecraft:spruce_stairs":4,"minecraft:spruce_fence":1,"minecraft:porkchop":1,"minecraft:light_blue_bed":3,"minecraft:mossy_cobblestone":3,"minecraft:dark_oak_planks":7,"minecraft:polished_andesite":2,"minecraft:arrow":43,"minecraft:rotten_flesh":6,"minecraft:stone_axe":1,"minecraft:iron_helmet":1,"minecraft:granite":4,"minecraft:gray_wool":3,"minecraft:end_rod":2,"minecraft:bread":73,"minecraft:terracotta":84,"minecraft:oak_sapling":1,"minecraft:damaged_anvil":1,"minecraft:white_wool":5,"minecraft:mutton":1,"minecraft:bricks":6,"minecraft:iron_bars":5,"minecraft:coal":2,"minecraft:cobblestone":28,"minecraft:sunflower":1},"minecraft:dropped":{"minecraft:bread":2,"jojo:tommy_gun":1,"minecraft:lilac":3,"minecraft:coarse_dirt":6,"minecraft:cobblestone_wall":1,"minecraft:mossy_cobblestone":3,"minecraft:glass_bottle":1,"minecraft:smithing_table":1,"minecraft:iron_helmet":1,"minecraft:cobblestone":27,"minecraft:rotten_flesh":1,"minecraft:book":1,"minecraft:oak_planks":2,"minecraft:birch_wood":1,"minecraft:beehive":8,"travelersbackpack:bat":2,"minecraft:stick":2,"minecraft:polished_andesite":2,"minecraft:chiseled_stone_bricks":2,"minecraft:dirt":1,"minecraft:spruce_planks":2,"minecraft:rose_bush":7,"minecraft:smooth_quartz":7,"minecraft:brown_bed":1,"minecraft:stone_bricks":2,"minecraft:sunflower":1,"minecraft:arrow":1,"minecraft:iron_pickaxe":1,"minecraft:string":5,"minecraft:stone_brick_stairs":3,"minecraft:light_blue_bed":1,"minecraft:bone":1,"minecraft:terracotta":84},"minecraft:killed":{"minecraft:sheep":1},"minecraft:custom":{"minecraft:interact_with_smithing_table":1,"minecraft:interact_with_furnace":1,"minecraft:mob_kills":9,"minecraft:interact_with_crafting_table":1,"minecraft:open_barrel":15,"minecraft:play_one_minute":118746,"minecraft:damage_dealt_resisted":9,"minecraft:leave_game":10,"minecraft:time_since_death":111,"minecraft:damage_resisted":2,"minecraft:climb_one_cm":20071,"minecraft:time_since_rest":161,"minecraft:sprint_one_cm":223340,"minecraft:damage_absorbed":1121,"minecraft:damage_taken":6388,"minecraft:walk_one_cm":263795,"minecraft:drop":45,"minecraft:damage_dealt":490,"minecraft:player_kills":1,"minecraft:fly_one_cm":325995,"minecraft:open_chest":17,"minecraft:crouch_one_cm":14705,"minecraft:deaths":18,"minecraft:sneak_time":7433,"minecraft:walk_under_water_one_cm":214,"minecraft:jump":1134,"minecraft:walk_on_water_one_cm":1002,"minecraft:fall_one_cm":99363},"minecraft:mined":{"minecraft:damaged_anvil":1,"minecraft:potted_fern":1,"minecraft:cyan_wool":2,"minecraft:gray_wool":3,"minecraft:light_blue_bed":2,"minecraft:furnace":1,"minecraft:fire":1,"minecraft:brown_bed":2,"minecraft:grass":3,"minecraft:lantern":2,"minecraft:end_rod":1,"minecraft:sunflower":1}},"DataVersion":2586}