{"stats":{"minecraft:killed_by":{"minecraft:player":1,"minecraft:wither_skeleton":11,"minecraft:creeper":1,"minecraft:cave_spider":2,"minecraft:skeleton":16,"minecraft:phantom":1},"minecraft:broken":{"minecraft:iron_boots":1,"minecraft:iron_leggings":1,"minecraft:iron_helmet":1},"minecraft:killed":{"minecraft:cave_spider":3,"jojo:hungry_zombie":1,"minecraft:sheep":1,"minecraft:zombie":1,"minecraft:wither_skeleton":2,"minecraft:villager":11},"minecraft:custom":{"minecraft:interact_with_smithing_table":1,"jojo:vampire_people_drained":7,"minecraft:interact_with_anvil":1,"minecraft:mob_kills":27,"minecraft:interact_with_crafting_table":2,"minecraft:open_barrel":15,"minecraft:damage_dealt_resisted":322,"minecraft:leave_game":18,"minecraft:time_since_death":129,"minecraft:climb_one_cm":25592,"minecraft:damage_resisted":38,"minecraft:sprint_one_cm":392910,"minecraft:walk_one_cm":527437,"minecraft:drop":109,"minecraft:sneak_time":12949,"minecraft:deaths":39,"minecraft:walk_under_water_one_cm":4332,"minecraft:jump":2394,"minecraft:walk_on_water_one_cm":5199,"minecraft:interact_with_furnace":1,"minecraft:play_one_minute":207181,"minecraft:time_since_rest":159,"minecraft:damage_taken":15466,"minecraft:damage_absorbed":1703,"minecraft:damage_dealt":1988,"minecraft:swim_one_cm":7069,"minecraft:fly_one_cm":544843,"minecraft:player_kills":2,"minecraft:open_chest":25,"minecraft:crouch_one_cm":24950,"minecraft:fall_one_cm":182990},"minecraft:mined":{"minecraft:potted_fern":1,"minecraft:furnace":1,"minecraft:fire":3,"minecraft:brown_bed":2,"minecraft:lantern":2,"minecraft:damaged_anvil":1,"minecraft:cyan_wool":2,"minecraft:gray_wool":3,"minecraft:light_blue_bed":2,"minecraft:grass":3,"minecraft:end_rod":1,"minecraft:sunflower":1,"minecraft:cyan_carpet":5,"minecraft:dirt":1},"minecraft:crafted":{"minecraft:iron_boots":1,"minecraft:spruce_planks":20,"minecraft:iron_chestplate":1,"minecraft:iron_leggings":1},"minecraft:dropped":{"minecraft:bread":12,"minecraft:acacia_wood":1,"minecraft:lapis_lazuli":8,"minecraft:wheat_seeds":2,"minecraft:lilac":3,"minecraft:mossy_cobblestone":3,"minecraft:glass_bottle":1,"minecraft:smithing_table":1,"minecraft:iron_helmet":3,"minecraft:cobblestone":27,"minecraft:book":1,"minecraft:granite":4,"minecraft:mossy_cobblestone_wall":1,"minecraft:stick":4,"minecraft:polished_andesite":2,"minecraft:cobweb":2,"minecraft:dirt":1,"minecraft:gray_wool":3,"minecraft:rose_bush":7,"minecraft:smooth_quartz":14,"minecraft:sunflower":1,"minecraft:iron_axe":1,"minecraft:sand":109,"minecraft:iron_pickaxe":1,"minecraft:chainmail_leggings":3,"minecraft:dark_oak_planks":14,"minecraft:string":22,"minecraft:white_wool":12,"minecraft:cyan_carpet":3,"minecraft:bone":2,"jojo:tommy_gun":1,"minecraft:coarse_dirt":6,"minecraft:cobblestone_wall":1,"minecraft:rotten_flesh":1,"minecraft:wither_skeleton_skull":2,"minecraft:oak_planks":10,"minecraft:birch_wood":2,"minecraft:glowstone_dust":1,"minecraft:beehive":8,"travelersbackpack:bat":3,"minecraft:spruce_fence":1,"minecraft:chainmail_chestplate":1,"minecraft:chiseled_stone_bricks":2,"minecraft:diamond_sword":1,"minecraft:cyan_wool":3,"minecraft:sea_pickle":1,"minecraft:gunpowder":4,"minecraft:diamond_chestplate":1,"minecraft:spruce_planks":18,"minecraft:charcoal":7,"minecraft:oak_sapling":1,"minecraft:brown_bed":2,"minecraft:spider_eye":1,"minecraft:stone_bricks":2,"minecraft:spruce_slab":2,"minecraft:sandstone":34,"minecraft:bow":1,"minecraft:arrow":1,"minecraft:stone_brick_stairs":3,"minecraft:light_blue_bed":2,"minecraft:terracotta":84},"minecraft:used":{"minecraft:flint_and_steel":9,"minecraft:spruce_planks":8,"travelersbackpack:bat":14,"minecraft:rotten_flesh":1,"minecraft:dirt":2,"minecraft:dark_oak_planks":9,"minecraft:wooden_axe":5,"minecraft:light_blue_bed":1,"carryon:tile_item":8,"minecraft:furnace":1,"minecraft:egg":2,"minecraft:end_rod":1,"minecraft:damaged_anvil":1,"minecraft:wooden_pickaxe":9,"minecraft:sandstone":120,"travelersbackpack:iron_golem":1,"minecraft:cracked_stone_bricks":1,"minecraft:white_wool":1,"minecraft:golden_apple":1,"minecraft:sand":19,"minecraft:flower_pot":2,"minecraft:bread":44,"minecraft:iron_pickaxe":4,"minecraft:spruce_trapdoor":2,"minecraft:stone_axe":7,"minecraft:diamond_sword":3,"minecraft:porkchop":1,"minecraft:smithing_table":1,"minecraft:experience_bottle":2},"minecraft:picked_up":{"minecraft:wooden_axe":1,"minecraft:iron_chestplate":1,"minecraft:coarse_dirt":6,"minecraft:wheat":3,"travelersbackpack:bat":4,"minecraft:chainmail_boots":1,"minecraft:flower_pot":3,"minecraft:smithing_table":1,"minecraft:diamond_sword":7,"minecraft:wooden_pickaxe":1,"minecraft:oak_stairs":1,"minecraft:brown_bed":2,"minecraft:potion":1,"minecraft:enchanted_book":1,"minecraft:stone_brick_stairs":4,"minecraft:golden_sword":1,"minecraft:string":48,"minecraft:iron_axe":1,"minecraft:cyan_carpet":10,"minecraft:sea_pickle":1,"minecraft:cracked_stone_bricks":1,"minecraft:spruce_planks":50,"minecraft:mossy_cobblestone_wall":2,"minecraft:rose_bush":7,"minecraft:cyan_wool":3,"minecraft:light_gray_wool":1,"minecraft:smooth_quartz":63,"minecraft:poppy":1,"minecraft:iron_pickaxe":1,"minecraft:spruce_slab":2,"minecraft:chest":1,"minecraft:spruce_trapdoor":14,"minecraft:furnace":2,"minecraft:egg":2,"minecraft:beehive":9,"minecraft:stick":4,"minecraft:sandstone":298,"minecraft:jukebox":1,"minecraft:spruce_stairs":4,"minecraft:spruce_fence":4,"minecraft:porkchop":1,"minecraft:diorite":15,"minecraft:light_blue_bed":3,"minecraft:dark_oak_planks":37,"minecraft:arrow":51,"minecraft:rotten_flesh":11,"minecraft:diamond_chestplate":1,"minecraft:saddle":1,"minecraft:end_rod":2,"minecraft:mutton":1,"minecraft:iron_bars":5,"minecraft:white_wool":6,"minecraft:cobblestone":165,"travelersbackpack:iron_golem":1,"minecraft:lilac":3,"minecraft:andesite":10,"minecraft:fern":1,"minecraft:acacia_wood":2,"minecraft:filled_map":1,"minecraft:chainmail_chestplate":3,"minecraft:cobblestone_wall":1,"minecraft:gunpowder":8,"minecraft:wither_skeleton_skull":3,"minecraft:lapis_lazuli":8,"minecraft:dirt":9,"minecraft:lantern":2,"minecraft:bone":89,"minecraft:stone_bricks":2,"minecraft:bow":3,"minecraft:wheat_seeds":2,"minecraft:birch_wood":2,"minecraft:spruce_wood":31,"minecraft:iron_ingot":22,"minecraft:iron_ore":11,"minecraft:cobweb":2,"jojo:tommy_gun":1,"minecraft:glass_bottle":1,"minecraft:glowstone_dust":1,"minecraft:iron_sword":1,"minecraft:oak_planks":10,"minecraft:dark_oak_stairs":1,"minecraft:book":97,"minecraft:chiseled_stone_bricks":3,"minecraft:sand":356,"minecraft:spider_eye":8,"minecraft:mossy_cobblestone":3,"minecraft:dark_prismarine":2,"minecraft:polished_andesite":2,"minecraft:stone_axe":1,"minecraft:chainmail_leggings":5,"minecraft:iron_helmet":2,"minecraft:granite":6,"minecraft:gray_wool":3,"minecraft:emerald":12,"minecraft:chainmail_helmet":3,"minecraft:bread":112,"minecraft:terracotta":84,"minecraft:oak_sapling":1,"minecraft:damaged_anvil":1,"minecraft:bricks":6,"minecraft:coal":4,"minecraft:sunflower":1}},"DataVersion":2586}