{"stat.walkOneCm":42811,"stat.pickup.minecraft.stick":139,"stat.leaveGame":1,"stat.drop.minecraft.rotten_flesh":1,"stat.mineBlock.minecraft.vine":5,"stat.pickup.minecraft.crafting_table":1,"stat.craftItem.minecraft.crafting_table":1,"stat.mineBlock.minecraft.deadbush":146,"stat.pickup.minecraft.log":26,"stat.useItem.minecraft.rotten_flesh":2,"stat.useItem.minecraft.melon":8,"stat.jump":495,"stat.swimOneCm":6638,"stat.fallOneCm":12487,"stat.climbOneCm":2130,"stat.pickup.minecraft.gunpowder":2,"stat.crouchOneCm":196,"stat.pickup.minecraft.ender_pearl":1,"stat.killEntity.Squid":2,"stat.pickup.minecraft.dirt":3,"stat.sprintOneCm":62399,"stat.pickup.minecraft.melon":31,"stat.craftItem.minecraft.stick":8,"stat.craftItem.minecraft.wooden_axe":1,"stat.craftingTableInteraction":1,"stat.pickup.minecraft.rotten_flesh":4,"stat.mineBlock.minecraft.cactus":2,"stat.craftItem.minecraft.planks":40,"stat.damageTaken":210,"stat.mineBlock.minecraft.crafting_table":1,"stat.killEntity.Husk":1,"stat.drop.minecraft.ender_pearl":1,"stat.useItem.minecraft.wooden_pickaxe":35,"stat.killEntity.Enderman":1,"stat.mobKills":7,"stat.pickup.minecraft.cobblestone":12,"stat.mineBlock.minecraft.log":27,"stat.pickup.minecraft.dye":10,"stat.flyOneCm":86674,"stat.drop":2,"stat.playOneMinute":18859,"stat.killEntity.Witch":1,"stat.sneakTime":185,"stat.damageDealt":990,"stat.killEntity.Zombie":2,"stat.timeSinceDeath":18859,"stat.useItem.minecraft.wooden_axe":185,"stat.useItem.minecraft.crafting_table":1,"stat.mineBlock.minecraft.dirt":3,"stat.craftItem.minecraft.wooden_pickaxe":1,"stat.mineBlock.minecraft.stone":12,"stat.mineBlock.minecraft.tallgrass":26}