{"stat.walkOneCm":4413,"stat.craftItem.minecraft.planks":40,"stat.leaveGame":1,"stat.mineBlock.minecraft.vine":1,"stat.damageTaken":150,"stat.craftItem.minecraft.crafting_table":1,"stat.mineBlock.minecraft.log":10,"stat.pickup.minecraft.log":10,"stat.flyOneCm":31526,"stat.jump":163,"stat.swimOneCm":3420,"stat.playOneMinute":7159,"stat.fallOneCm":6864,"stat.climbOneCm":1786,"stat.sneakTime":165,"stat.timeSinceDeath":7159,"stat.sprintOneCm":12786,"stat.useItem.minecraft.crafting_table":1,"stat.craftItem.minecraft.wooden_pickaxe":1,"stat.mineBlock.minecraft.tallgrass":5,"stat.craftItem.minecraft.stick":8,"stat.craftItem.minecraft.wooden_axe":1,"stat.craftingTableInteraction":1}