{"stats":{"minecraft:picked_up":{"minecraft:coarse_dirt":6,"minecraft:charcoal":3,"minecraft:crafting_table":4,"travelersbackpack:iron_golem":1,"minecraft:brown_wool":2,"minecraft:leather":2,"minecraft:oak_stairs":1,"minecraft:oak_log":12,"minecraft:dirt":2,"minecraft:string":1,"minecraft:bone":3,"minecraft:cracked_stone_bricks":1,"minecraft:wheat_seeds":2,"minecraft:spruce_planks":3,"minecraft:beef":2,"minecraft:rose_bush":7,"jojo:tommy_gun":1,"minecraft:iron_pickaxe":2,"minecraft:glass_bottle":3,"minecraft:iron_boots":1,"minecraft:book":9,"minecraft:stick":1,"minecraft:oak_fence":1,"minecraft:torch":4,"minecraft:spruce_stairs":1,"minecraft:spruce_fence":2,"minecraft:porkchop":4,"minecraft:stripped_spruce_log":3,"minecraft:cyan_bed":1,"minecraft:redstone":1,"minecraft:mossy_cobblestone":5,"minecraft:brick_slab":1,"minecraft:arrow":3,"minecraft:rotten_flesh":3,"minecraft:end_rod":1,"minecraft:bread":2,"minecraft:emerald":28,"minecraft:terracotta":2,"minecraft:baked_potato":4,"minecraft:brick_stairs":1,"minecraft:oak_sapling":1,"minecraft:damaged_anvil":1,"minecraft:dark_oak_wood":2,"minecraft:mutton":1,"minecraft:coal":1,"minecraft:white_wool":1,"minecraft:cobblestone":25,"minecraft:sunflower":2},"minecraft:killed_by":{"minecraft:player":1,"minecraft:skeleton":1},"minecraft:mined":{"minecraft:spruce_planks":1,"minecraft:oak_fence":1,"minecraft:crafting_table":4,"travelersbackpack:iron_golem":1,"minecraft:dark_oak_wood":2,"minecraft:grass_block":2,"minecraft:spruce_fence":1,"minecraft:brown_wool":2,"minecraft:brick_stairs":1,"minecraft:rose_bush":10,"minecraft:tall_grass":3,"minecraft:cobblestone":2,"minecraft:cyan_bed":1,"minecraft:damaged_anvil":1,"minecraft:bricks":3,"minecraft:brick_slab":1,"minecraft:birch_leaves":3,"minecraft:stripped_spruce_log":3,"minecraft:grass":31,"minecraft:bookshelf":2,"minecraft:oak_log":11,"minecraft:end_rod":1,"minecraft:sunflower":1,"minecraft:cracked_stone_bricks":1,"minecraft:terracotta":2,"minecraft:stone":23,"minecraft:oak_leaves":5},"minecraft:custom":{"minecraft:interact_with_furnace":7,"minecraft:interact_with_anvil":1,"minecraft:mob_kills":18,"minecraft:interact_with_crafting_table":11,"minecraft:open_barrel":17,"minecraft:play_one_minute":46685,"minecraft:leave_game":2,"minecraft:time_since_death":13169,"minecraft:climb_one_cm":11401,"minecraft:sleep_in_bed":1,"minecraft:time_since_rest":13201,"minecraft:sprint_one_cm":49640,"minecraft:damage_taken":1673,"minecraft:walk_one_cm":163583,"minecraft:drop":54,"minecraft:damage_dealt":2327,"minecraft:talked_to_villager":1,"minecraft:fly_one_cm":84690,"minecraft:open_chest":27,"minecraft:crouch_one_cm":1476,"minecraft:deaths":2,"minecraft:sneak_time":754,"minecraft:jump":753,"minecraft:walk_on_water_one_cm":3010,"minecraft:fall_one_cm":20570},"minecraft:dropped":{"minecraft:iron_ingot":1,"minecraft:bread":41,"minecraft:wheat_seeds":1,"jojo:tommy_gun":1,"minecraft:rotten_flesh":1,"minecraft:iron_boots":1,"minecraft:spruce_fence":1,"minecraft:gunpowder":2,"minecraft:wooden_axe":1,"minecraft:oak_sapling":1,"minecraft:sunflower":2,"minecraft:wooden_pickaxe":1,"minecraft:white_wool":4},"minecraft:crafted":{"minecraft:oak_planks":24,"minecraft:cooked_porkchop":6,"minecraft:crafting_table":1,"minecraft:wooden_pickaxe":1,"minecraft:furnace":1,"minecraft:stone_axe":1,"minecraft:iron_chestplate":1,"minecraft:iron_axe":1,"minecraft:stick":16,"minecraft:stone_pickaxe":1,"minecraft:wooden_axe":1,"minecraft:iron_leggings":1,"minecraft:torch":16},"minecraft:used":{"minecraft:oak_fence":1,"minecraft:end_rod":1,"minecraft:rose_bush":2,"minecraft:stone_pickaxe":6,"minecraft:baked_potato":4,"minecraft:spruce_planks":1,"minecraft:wooden_pickaxe":3,"travelersbackpack:iron_golem":4,"travelersbackpack:bat":1,"minecraft:cracked_stone_bricks":1,"minecraft:torch":9,"minecraft:mossy_cobblestone":3,"minecraft:dirt":2,"minecraft:crafting_table":5,"minecraft:brick_slab":1,"minecraft:spruce_fence":1,"minecraft:stripped_spruce_log":3,"minecraft:oak_log":6,"minecraft:wooden_axe":28,"minecraft:iron_axe":52,"minecraft:bread":8,"minecraft:cyan_bed":1,"minecraft:brown_wool":2,"minecraft:iron_pickaxe":29,"minecraft:dark_oak_wood":2,"minecraft:stone_axe":5,"carryon:tile_item":8,"minecraft:cooked_porkchop":6},"minecraft:killed":{"minecraft:pig":2,"minecraft:witch":1,"minecraft:spider":1,"minecraft:sheep":1,"minecraft:skeleton":2,"minecraft:zombie":3,"minecraft:cow":1}},"DataVersion":2586}