{"stats":{"minecraft:dropped":{"minecraft:iron_ingot":1,"minecraft:bread":41,"minecraft:iron_sword":1,"minecraft:wheat_seeds":1,"minecraft:wooden_axe":1,"minecraft:smooth_quartz":4,"minecraft:sunflower":2,"minecraft:iron_pickaxe":1,"minecraft:dark_oak_planks":5,"minecraft:white_wool":4,"minecraft:cyan_carpet":5,"minecraft:furnace":1,"jojo:tommy_gun":3,"minecraft:wheat":10,"minecraft:rotten_flesh":2,"minecraft:iron_boots":1,"minecraft:birch_wood":1,"minecraft:beehive":6,"travelersbackpack:bat":5,"minecraft:spruce_fence":1,"minecraft:chainmail_chestplate":2,"minecraft:gunpowder":2,"minecraft:spruce_trapdoor":1,"travelersbackpack:iron_golem":1,"minecraft:iron_chestplate":1,"minecraft:oak_sapling":1,"minecraft:iron_bars":2,"minecraft:wooden_pickaxe":1,"minecraft:bow":1},"minecraft:custom":{"minecraft:interact_with_anvil":2,"minecraft:mob_kills":84,"minecraft:interact_with_crafting_table":12,"minecraft:open_barrel":51,"minecraft:damage_dealt_resisted":2029,"minecraft:leave_game":5,"minecraft:time_since_death":752,"minecraft:climb_one_cm":29487,"minecraft:sprint_one_cm":108662,"minecraft:walk_one_cm":435442,"minecraft:drop":94,"minecraft:talked_to_villager":1,"minecraft:deaths":11,"minecraft:sneak_time":7045,"minecraft:walk_under_water_one_cm":425,"minecraft:jump":2161,"minecraft:walk_on_water_one_cm":4623,"minecraft:interact_with_furnace":7,"minecraft:play_one_minute":136014,"minecraft:sleep_in_bed":2,"minecraft:time_since_rest":870,"minecraft:damage_taken":7122,"minecraft:damage_dealt":18162,"minecraft:fly_one_cm":290081,"minecraft:open_chest":52,"minecraft:crouch_one_cm":10836,"minecraft:fall_one_cm":54120},"minecraft:mined":{"minecraft:dark_prismarine":4,"minecraft:spruce_planks":36,"minecraft:chiseled_red_sandstone":1,"minecraft:granite":3,"minecraft:stripped_crimson_hyphae":1,"travelersbackpack:iron_golem":1,"minecraft:grass_block":5,"minecraft:spruce_fence":2,"minecraft:brown_wool":2,"minecraft:brick_stairs":3,"minecraft:chiseled_stone_bricks":1,"minecraft:spawner":7,"minecraft:large_fern":1,"minecraft:acacia_wood":2,"minecraft:stripped_spruce_log":3,"minecraft:dark_oak_stairs":3,"minecraft:bookshelf":2,"minecraft:iron_bars":2,"minecraft:stone":28,"minecraft:spruce_slab":1,"minecraft:oak_fence":1,"minecraft:crafting_table":4,"minecraft:dark_oak_wood":3,"minecraft:oak_wood":3,"minecraft:rose_bush":13,"minecraft:tall_grass":3,"minecraft:cobblestone":3,"minecraft:cyan_bed":2,"minecraft:damaged_anvil":2,"minecraft:bricks":5,"minecraft:spruce_stairs":2,"minecraft:chain":1,"minecraft:brick_slab":1,"minecraft:cobblestone_wall":1,"minecraft:lilac":1,"minecraft:birch_leaves":25,"minecraft:stone_brick_stairs":2,"minecraft:grass":31,"minecraft:oak_log":11,"minecraft:end_rod":1,"minecraft:sunflower":1,"minecraft:cyan_carpet":2,"minecraft:dirt":3,"minecraft:smooth_quartz":4,"minecraft:cobweb":2,"minecraft:cracked_stone_bricks":1,"minecraft:terracotta":32,"minecraft:oak_leaves":9},"minecraft:crafted":{"minecraft:oak_planks":24,"minecraft:furnace":1,"minecraft:iron_axe":2,"minecraft:stone_pickaxe":1,"minecraft:cooked_porkchop":6,"minecraft:crafting_table":2,"minecraft:wooden_pickaxe":1,"minecraft:iron_sword":1,"minecraft:stone_axe":1,"minecraft:iron_chestplate":1,"minecraft:stick":16,"minecraft:wooden_axe":1,"minecraft:iron_leggings":1,"minecraft:torch":16},"minecraft:used":{"minecraft:oak_fence":1,"minecraft:rose_bush":2,"minecraft:ladder":2,"minecraft:spruce_planks":53,"minecraft:iron_sword":213,"travelersbackpack:bat":25,"minecraft:torch":9,"minecraft:dirt":6,"minecraft:brick_slab":1,"minecraft:spruce_fence":1,"minecraft:stripped_spruce_log":3,"minecraft:dark_oak_planks":1,"minecraft:wooden_axe":28,"minecraft:iron_axe":216,"minecraft:brick_stairs":1,"minecraft:dark_oak_wood":7,"carryon:tile_item":8,"minecraft:bow":56,"minecraft:golden_carrot":4,"minecraft:acacia_wood":5,"minecraft:end_rod":1,"minecraft:damaged_anvil":1,"minecraft:stone_pickaxe":6,"minecraft:baked_potato":4,"minecraft:oak_planks":6,"minecraft:wooden_pickaxe":3,"travelersbackpack:iron_golem":5,"minecraft:cracked_stone_bricks":1,"minecraft:mossy_cobblestone":3,"minecraft:terracotta":33,"minecraft:crafting_table":6,"minecraft:oak_log":6,"minecraft:dark_prismarine":4,"minecraft:bread":58,"minecraft:cyan_bed":2,"minecraft:brown_wool":2,"minecraft:iron_pickaxe":125,"minecraft:spruce_trapdoor":2,"minecraft:stone_axe":5,"minecraft:diamond_sword":54,"minecraft:cobblestone":11,"minecraft:cooked_porkchop":6,"minecraft:chain":1,"minecraft:coarse_dirt":6,"minecraft:golden_pickaxe":4},"minecraft:broken":{"minecraft:iron_leggings":1,"minecraft:iron_axe":1,"minecraft:iron_helmet":1},"minecraft:killed_by":{"minecraft:player":1,"minecraft:wither_skeleton":2,"jojo:star_platinum":1,"minecraft:skeleton":6},"minecraft:killed":{"minecraft:cave_spider":1,"minecraft:witch":1,"minecraft:spider":4,"minecraft:phantom":1,"minecraft:skeleton":47,"minecraft:pig":2,"minecraft:creeper":1,"minecraft:sheep":1,"minecraft:zombie":7,"minecraft:wither_skeleton":4,"minecraft:cow":1},"minecraft:picked_up":{"minecraft:crafting_table":4,"minecraft:iron_chestplate":1,"minecraft:charcoal":3,"minecraft:coarse_dirt":6,"minecraft:wheat":10,"travelersbackpack:bat":5,"minecraft:ladder":5,"minecraft:diamond_sword":1,"minecraft:oak_stairs":1,"minecraft:brown_bed":1,"minecraft:chain":1,"minecraft:string":6,"minecraft:experience_bottle":52,"minecraft:cyan_carpet":6,"minecraft:cracked_stone_bricks":1,"minecraft:spruce_planks":60,"minecraft:beef":2,"minecraft:rose_bush":7,"minecraft:smooth_quartz":8,"minecraft:iron_pickaxe":3,"minecraft:spruce_slab":1,"minecraft:furnace":1,"minecraft:spruce_trapdoor":3,"minecraft:iron_boots":1,"minecraft:beehive":12,"minecraft:stick":1,"minecraft:oak_fence":1,"minecraft:torch":4,"minecraft:brick_wall":4,"minecraft:spruce_stairs":21,"minecraft:spruce_fence":4,"minecraft:porkchop":4,"minecraft:redstone":3,"minecraft:light_blue_bed":1,"minecraft:dark_oak_planks":11,"minecraft:arrow":52,"minecraft:rotten_flesh":12,"minecraft:end_rod":1,"minecraft:brick_stairs":3,"minecraft:mutton":1,"minecraft:iron_bars":2,"minecraft:white_wool":1,"minecraft:cobblestone":30,"travelersbackpack:iron_golem":1,"minecraft:brown_wool":2,"minecraft:leather":2,"minecraft:acacia_wood":6,"minecraft:oak_log":12,"minecraft:gunpowder":3,"minecraft:dirt":13,"minecraft:bone":53,"minecraft:bow":2,"minecraft:wheat_seeds":2,"minecraft:birch_wood":2,"minecraft:iron_ingot":15,"jojo:tommy_gun":1,"minecraft:glass_bottle":3,"minecraft:iron_sword":2,"minecraft:dark_oak_stairs":2,"minecraft:book":15,"minecraft:stripped_spruce_log":3,"minecraft:cyan_bed":2,"minecraft:brick_slab":2,"minecraft:mossy_cobblestone":5,"minecraft:dark_prismarine":4,"minecraft:granite":3,"minecraft:emerald":90,"minecraft:bread":2,"minecraft:terracotta":43,"minecraft:baked_potato":4,"minecraft:oak_sapling":1,"minecraft:damaged_anvil":2,"minecraft:dark_oak_wood":8,"minecraft:bricks":3,"minecraft:coal":2,"minecraft:sunflower":2}},"DataVersion":2586}