{"stats":{"minecraft:killed_by":{"minecraft:player":1,"minecraft:wither_skeleton":5,"minecraft:creeper":1,"jojo:star_platinum":2,"minecraft:skeleton":7},"minecraft:broken":{"minecraft:golden_boots":1,"minecraft:iron_chestplate":1,"minecraft:iron_leggings":1,"minecraft:iron_axe":1,"minecraft:iron_helmet":2},"minecraft:killed":{"minecraft:cave_spider":14,"minecraft:witch":1,"minecraft:spider":14,"minecraft:phantom":1,"minecraft:skeleton":52,"minecraft:husk":1,"minecraft:pig":2,"minecraft:creeper":1,"minecraft:sheep":1,"minecraft:zombie":17,"minecraft:wither_skeleton":25,"minecraft:villager":5,"minecraft:cow":3},"minecraft:custom":{"minecraft:interact_with_anvil":3,"minecraft:mob_kills":171,"jojo:vampire_people_drained":4,"minecraft:interact_with_crafting_table":21,"minecraft:open_barrel":53,"minecraft:damage_dealt_resisted":5319,"minecraft:leave_game":6,"minecraft:time_since_death":5545,"minecraft:climb_one_cm":36146,"minecraft:damage_resisted":263,"jojo:vampire_zombies_summoned":2,"minecraft:sprint_one_cm":163744,"minecraft:walk_one_cm":756850,"minecraft:drop":271,"minecraft:play_noteblock":1,"minecraft:talked_to_villager":8,"minecraft:deaths":20,"minecraft:sneak_time":8219,"minecraft:walk_under_water_one_cm":2322,"minecraft:jump":3794,"minecraft:walk_on_water_one_cm":9440,"minecraft:interact_with_furnace":7,"jojo:vampire_zombies_created":1,"minecraft:play_one_minute":224203,"minecraft:sleep_in_bed":2,"minecraft:time_since_rest":5583,"minecraft:damage_taken":16216,"minecraft:damage_absorbed":238,"minecraft:damage_dealt":35417,"minecraft:player_kills":1,"minecraft:fly_one_cm":430627,"minecraft:open_chest":84,"minecraft:crouch_one_cm":13077,"minecraft:fall_one_cm":117327},"minecraft:mined":{"minecraft:dark_prismarine":8,"minecraft:spruce_planks":40,"minecraft:chiseled_red_sandstone":1,"minecraft:granite":3,"minecraft:stripped_crimson_hyphae":1,"travelersbackpack:iron_golem":1,"minecraft:grass_block":5,"minecraft:spruce_fence":6,"minecraft:brown_wool":2,"minecraft:brick_stairs":3,"minecraft:spruce_leaves":9,"minecraft:chiseled_stone_bricks":1,"minecraft:spawner":14,"minecraft:large_fern":1,"minecraft:hay_block":5,"travelersbackpack:bat":1,"minecraft:acacia_wood":2,"minecraft:stripped_spruce_log":15,"minecraft:anvil":1,"minecraft:dark_oak_stairs":3,"minecraft:bookshelf":2,"minecraft:iron_bars":2,"minecraft:stone":30,"minecraft:spruce_slab":1,"minecraft:oak_slab":2,"minecraft:oak_fence":1,"minecraft:crafting_table":6,"minecraft:dark_oak_wood":3,"minecraft:oak_wood":3,"minecraft:rose_bush":13,"minecraft:tall_grass":4,"minecraft:cobblestone":3,"minecraft:cyan_bed":3,"minecraft:damaged_anvil":2,"minecraft:bricks":5,"minecraft:spruce_stairs":6,"minecraft:chain":1,"minecraft:brick_slab":1,"minecraft:cobblestone_wall":1,"minecraft:lilac":1,"minecraft:birch_leaves":26,"minecraft:stone_brick_stairs":3,"minecraft:grass":43,"minecraft:oak_log":11,"minecraft:sand":1,"minecraft:end_rod":1,"minecraft:sunflower":1,"minecraft:cyan_carpet":9,"minecraft:dirt":3,"minecraft:smooth_quartz":14,"minecraft:cobweb":3,"minecraft:cracked_stone_bricks":1,"minecraft:terracotta":32,"minecraft:oak_leaves":9,"minecraft:dark_oak_planks":4},"minecraft:crafted":{"minecraft:oak_planks":24,"minecraft:furnace":1,"minecraft:iron_axe":2,"minecraft:stone_pickaxe":1,"minecraft:diamond_boots":1,"minecraft:wheat":36,"minecraft:cooked_porkchop":6,"minecraft:crafting_table":2,"minecraft:wooden_pickaxe":1,"minecraft:iron_sword":1,"minecraft:stone_axe":1,"minecraft:bread":13,"minecraft:iron_chestplate":1,"minecraft:stick":16,"minecraft:wooden_axe":1,"minecraft:iron_block":3,"minecraft:iron_leggings":1,"minecraft:anvil":1,"minecraft:torch":16},"minecraft:dropped":{"minecraft:iron_ingot":1,"minecraft:bread":64,"minecraft:iron_sword":3,"minecraft:wheat_seeds":1,"minecraft:iron_helmet":1,"minecraft:chainmail_helmet":2,"minecraft:wooden_axe":1,"minecraft:smooth_quartz":4,"minecraft:potion":1,"minecraft:iron_axe":1,"minecraft:sand":90,"minecraft:sunflower":2,"minecraft:iron_pickaxe":3,"minecraft:chainmail_leggings":2,"minecraft:string":9,"minecraft:dark_oak_planks":7,"minecraft:white_wool":4,"minecraft:cyan_carpet":9,"minecraft:furnace":1,"jojo:tommy_gun":3,"minecraft:wheat":10,"minecraft:rotten_flesh":2,"minecraft:iron_boots":1,"minecraft:birch_wood":2,"minecraft:beehive":6,"travelersbackpack:bat":6,"minecraft:spruce_fence":2,"minecraft:chainmail_chestplate":4,"minecraft:filled_map":1,"minecraft:diamond_sword":4,"minecraft:gunpowder":2,"minecraft:spruce_trapdoor":1,"minecraft:spruce_planks":6,"travelersbackpack:iron_golem":1,"minecraft:iron_chestplate":2,"minecraft:golden_sword":1,"minecraft:oak_sapling":1,"minecraft:arrow":2,"minecraft:sandstone":34,"minecraft:iron_bars":2,"minecraft:wooden_pickaxe":1,"minecraft:bow":3},"minecraft:picked_up":{"minecraft:crafting_table":7,"minecraft:iron_chestplate":1,"minecraft:charcoal":3,"minecraft:coarse_dirt":6,"minecraft:wheat":10,"travelersbackpack:bat":10,"minecraft:anvil":1,"minecraft:ladder":5,"minecraft:diamond_sword":6,"minecraft:oak_stairs":1,"minecraft:brown_bed":1,"minecraft:stone_brick_stairs":1,"minecraft:chain":1,"minecraft:string":58,"minecraft:iron_axe":1,"minecraft:experience_bottle":52,"minecraft:cyan_carpet":22,"minecraft:cracked_stone_bricks":1,"minecraft:spruce_planks":74,"minecraft:beef":6,"minecraft:rose_bush":7,"minecraft:smooth_quartz":28,"minecraft:iron_pickaxe":4,"minecraft:spruce_slab":3,"minecraft:sandstone":34,"minecraft:spruce_trapdoor":3,"minecraft:furnace":1,"minecraft:iron_boots":1,"minecraft:beehive":12,"minecraft:stick":1,"minecraft:oak_fence":1,"minecraft:torch":4,"minecraft:brick_wall":4,"minecraft:spruce_stairs":29,"minecraft:spruce_fence":8,"minecraft:porkchop":4,"minecraft:redstone":3,"minecraft:light_blue_bed":1,"minecraft:dark_oak_planks":26,"minecraft:arrow":57,"minecraft:rotten_flesh":16,"minecraft:hay_block":4,"minecraft:end_rod":1,"minecraft:gold_ingot":5,"minecraft:brick_stairs":3,"minecraft:mutton":1,"minecraft:iron_bars":2,"minecraft:white_wool":1,"minecraft:cobblestone":32,"travelersbackpack:iron_golem":1,"minecraft:brown_wool":2,"minecraft:leather":3,"minecraft:acacia_wood":6,"minecraft:oak_log":12,"minecraft:chainmail_chestplate":1,"minecraft:gunpowder":3,"minecraft:dirt":14,"minecraft:red_carpet":1,"minecraft:bone":85,"minecraft:bow":3,"minecraft:wheat_seeds":3,"minecraft:birch_wood":3,"minecraft:iron_ingot":15,"jojo:tommy_gun":1,"minecraft:glass_bottle":3,"minecraft:iron_sword":3,"minecraft:oak_planks":2,"minecraft:oak_slab":2,"minecraft:dark_oak_stairs":2,"minecraft:book":15,"minecraft:sand":91,"minecraft:stripped_spruce_log":15,"minecraft:cyan_bed":3,"minecraft:spider_eye":11,"minecraft:brick_slab":2,"minecraft:mossy_cobblestone":5,"minecraft:dark_prismarine":8,"minecraft:chainmail_leggings":2,"minecraft:iron_helmet":2,"minecraft:granite":3,"minecraft:emerald":90,"minecraft:bread":18,"minecraft:terracotta":43,"minecraft:baked_potato":4,"minecraft:oak_sapling":1,"minecraft:damaged_anvil":2,"minecraft:dark_oak_wood":9,"minecraft:bricks":3,"minecraft:coal":9,"minecraft:sunflower":2},"minecraft:used":{"minecraft:oak_fence":1,"minecraft:rose_bush":2,"minecraft:spruce_slab":2,"minecraft:ladder":2,"minecraft:spruce_planks":61,"minecraft:iron_sword":213,"travelersbackpack:bat":41,"minecraft:torch":9,"minecraft:dirt":6,"minecraft:anvil":1,"minecraft:brick_slab":1,"minecraft:spruce_fence":1,"minecraft:stripped_spruce_log":3,"minecraft:dark_oak_planks":9,"minecraft:wooden_axe":28,"minecraft:iron_axe":252,"minecraft:brick_stairs":1,"minecraft:dark_oak_wood":8,"minecraft:smooth_quartz":4,"carryon:tile_item":8,"minecraft:golden_carrot":18,"minecraft:bow":120,"minecraft:acacia_wood":5,"minecraft:enchanted_golden_apple":1,"minecraft:end_rod":1,"minecraft:damaged_anvil":1,"minecraft:stone_pickaxe":6,"minecraft:baked_potato":4,"minecraft:oak_planks":6,"minecraft:wooden_pickaxe":3,"travelersbackpack:iron_golem":5,"minecraft:cracked_stone_bricks":1,"minecraft:golden_apple":2,"minecraft:mossy_cobblestone":3,"minecraft:sand":1,"minecraft:terracotta":33,"minecraft:crafting_table":7,"minecraft:oak_log":6,"minecraft:dark_prismarine":8,"minecraft:bread":87,"minecraft:cyan_bed":3,"minecraft:cyan_carpet":1,"minecraft:brown_wool":2,"minecraft:iron_pickaxe":125,"minecraft:spruce_trapdoor":2,"minecraft:stone_axe":5,"minecraft:diamond_sword":438,"minecraft:cobblestone":13,"minecraft:cooked_porkchop":6,"minecraft:chain":1,"minecraft:coarse_dirt":6,"minecraft:golden_pickaxe":38}},"DataVersion":2586}