{"stat.pickup.minecraft.rotten_flesh":1,"stat.pickup.minecraft.sand":2,"stat.walkOneCm":33080,"stat.craftItem.minecraft.planks":20,"stat.pickup.minecraft.stick":5,"stat.mineBlock.minecraft.vine":3,"stat.drop.minecraft.crafting_table":1,"stat.pickup.minecraft.crafting_table":2,"stat.damageTaken":330,"stat.mineBlock.minecraft.crafting_table":1,"stat.craftItem.minecraft.crafting_table":1,"stat.mineBlock.minecraft.melon_block":12,"stat.craftItem.minecraft.wooden_sword":1,"stat.mineBlock.minecraft.log":4,"stat.pickup.minecraft.log":6,"stat.flyOneCm":43983,"stat.deaths":1,"stat.drop":3,"stat.pickup.minecraft.wheat_seeds":3,"stat.useItem.minecraft.melon":4,"stat.jump":239,"stat.swimOneCm":4905,"stat.mineBlock.minecraft.leaves":1,"stat.mineBlock.minecraft.sand":1,"stat.playOneMinute":16788,"stat.climbOneCm":964,"stat.fallOneCm":5224,"stat.sneakTime":253,"stat.damageDealt":359,"stat.crouchOneCm":107,"stat.timeSinceDeath":10805,"stat.drop.minecraft.melon":31,"stat.useItem.minecraft.wooden_axe":11,"stat.pickup.minecraft.ender_pearl":1,"stat.sprintOneCm":17760,"stat.drop.minecraft.log":1,"stat.useItem.minecraft.crafting_table":1,"stat.entityKilledBy.Enderman":1,"stat.pickup.minecraft.melon":62,"stat.craftItem.minecraft.wooden_pickaxe":1,"stat.mineBlock.minecraft.tallgrass":18,"stat.diveOneCm":476,"stat.craftItem.minecraft.stick":16,"stat.craftItem.minecraft.wooden_axe":1,"stat.craftingTableInteraction":1}